{"cameraMode":{"drawMode":0,"name":"Shaded","section":"Shading Mode"},"sceneLighting":false,"audioPlay":false,"sceneViewState":{"showFog":true,"showMaterialUpdate":false,"showSkybox":false,"showFlares":true,"showImageEffects":true,"showParticleSystems":true},"in2DMode":false,"pivot":{"x":18.540000915527345,"y":1.9299999475479127,"z":0.0},"rotation":{"x":0.07506484538316727,"y":-0.7097510099411011,"z":0.07652033120393753,"w":0.696250855922699},"size":1.7411282062530518,"orthographic":false}