{"cameraMode":{"drawMode":0,"name":"Shaded","section":"Shading Mode"},"sceneLighting":true,"audioPlay":false,"sceneViewState":{"showFog":true,"showMaterialUpdate":false,"showSkybox":true,"showFlares":true,"showImageEffects":true,"showParticleSystems":true},"in2DMode":false,"pivot":{"x":83.545654296875,"y":23.26263427734375,"z":-43.30603790283203},"rotation":{"x":0.16400952637195588,"y":-0.1151307076215744,"z":0.01927720382809639,"w":0.9795290231704712},"size":21.731658935546876,"orthographic":true}