{"cameraMode":{"drawMode":0,"name":"Shaded","section":"Shading Mode"},"sceneLighting":false,"audioPlay":false,"sceneViewState":{"showFog":true,"showMaterialUpdate":false,"showSkybox":true,"showFlares":true,"showImageEffects":true,"showParticleSystems":true},"in2DMode":false,"pivot":{"x":35.078582763671878,"y":14.120187759399414,"z":-8.961429595947266},"rotation":{"x":-0.3129223585128784,"y":-0.015103036537766457,"z":0.004976773168891668,"w":-0.9496462941169739},"size":1.8753366470336915,"orthographic":false}