{"cameraMode":{"drawMode":0,"name":"Shaded","section":"Shading Mode"},"sceneLighting":true,"audioPlay":false,"sceneViewState":{"showFog":true,"showMaterialUpdate":false,"showSkybox":true,"showFlares":true,"showImageEffects":true,"showParticleSystems":true},"in2DMode":false,"pivot":{"x":229.42779541015626,"y":14.426824569702149,"z":-8.74837875366211},"rotation":{"x":0.06444806605577469,"y":0.014968235976994038,"z":-0.0009667889098636806,"w":0.9978081583976746},"size":45.869415283203128,"orthographic":false}