{"cameraMode":{"drawMode":0,"name":"Shaded","section":"Shading Mode"},"sceneLighting":true,"audioPlay":false,"sceneViewState":{"showFog":true,"showMaterialUpdate":false,"showSkybox":true,"showFlares":true,"showImageEffects":true,"showParticleSystems":true},"in2DMode":false,"pivot":{"x":325.0052490234375,"y":115.407470703125,"z":57.684120178222659},"rotation":{"x":-0.1215098425745964,"y":-0.0008957323152571917,"z":0.00010995683260262012,"w":-0.9925987720489502},"size":467.79931640625,"orthographic":true}