{"cameraMode":{"drawMode":0,"name":"Shaded","section":"Shading Mode"},"sceneLighting":true,"audioPlay":false,"sceneViewState":{"showFog":true,"showMaterialUpdate":false,"showSkybox":true,"showFlares":true,"showImageEffects":true,"showParticleSystems":true},"in2DMode":false,"pivot":{"x":136.1212615966797,"y":-23.231197357177736,"z":-3.8635482788085939},"rotation":{"x":-0.1215098425745964,"y":-0.0008957323152571917,"z":0.00010995683260262012,"w":-0.9925987720489502},"size":21.318384170532228,"orthographic":true}