{"cameraMode":{"drawMode":0,"name":"Shaded","section":"Shading Mode"},"sceneLighting":false,"audioPlay":false,"sceneViewState":{"showFog":true,"showMaterialUpdate":false,"showSkybox":false,"showFlares":true,"showImageEffects":true,"showParticleSystems":true},"in2DMode":false,"pivot":{"x":10.199999809265137,"y":18.853046417236329,"z":0.0},"rotation":{"x":-0.08948448300361633,"y":0.12426278740167618,"z":-0.011253295466303826,"w":-0.9881625771522522},"size":2.863699197769165,"orthographic":false}