{"cameraMode":{"drawMode":0,"name":"Shaded","section":"Shading Mode"},"sceneLighting":true,"audioPlay":false,"sceneViewState":{"showFog":true,"showMaterialUpdate":false,"showSkybox":true,"showFlares":true,"showImageEffects":true,"showParticleSystems":true},"in2DMode":false,"pivot":{"x":61.359275817871097,"y":-6.412596225738525,"z":21.076313018798829},"rotation":{"x":-0.15409505367279054,"y":0.3672358989715576,"z":-0.06183373183012009,"w":-0.9151926040649414},"size":48.030818939208987,"orthographic":false}