{"cameraMode":{"drawMode":0,"name":"Shaded","section":"Shading Mode"},"sceneLighting":false,"audioPlay":false,"sceneViewState":{"showFog":true,"showMaterialUpdate":false,"showSkybox":false,"showFlares":true,"showImageEffects":true,"showParticleSystems":true},"in2DMode":false,"pivot":{"x":-0.04283952713012695,"y":-0.24880558252334596,"z":0.7799997329711914},"rotation":{"x":0.07192198187112808,"y":0.020944083109498025,"z":-0.0015105829806998373,"w":0.9971895813941956},"size":17.312976837158204,"orthographic":false}