{"cameraMode":{"drawMode":0,"name":"Shaded","section":"Shading Mode"},"sceneLighting":true,"audioPlay":false,"sceneViewState":{"showFog":true,"showMaterialUpdate":false,"showSkybox":true,"showFlares":true,"showImageEffects":true,"showParticleSystems":true},"in2DMode":false,"pivot":{"x":234.32260131835938,"y":-3.8579373359680177,"z":-0.748046875},"rotation":{"x":-0.0006019034772180021,"y":-0.005999952554702759,"z":-0.0000035943185139331037,"w":0.9999827146530151},"size":20.71133804321289,"orthographic":true}