{"cameraMode":{"drawMode":0,"name":"Shaded","section":"Shading Mode"},"sceneLighting":false,"audioPlay":false,"sceneViewState":{"showFog":true,"showMaterialUpdate":false,"showSkybox":true,"showFlares":true,"showImageEffects":true,"showParticleSystems":true},"in2DMode":false,"pivot":{"x":506.99993896484377,"y":355.01312255859377,"z":0.0},"rotation":{"x":-0.17088131606578828,"y":0.28890031576156618,"z":-0.052582234144210818,"w":-0.9405193328857422},"size":419.4028625488281,"orthographic":true}