{"cameraMode":{"drawMode":0,"name":"Shaded","section":"Shading Mode"},"sceneLighting":false,"audioPlay":false,"sceneViewState":{"showFog":true,"showMaterialUpdate":false,"showSkybox":true,"showFlares":true,"showImageEffects":true,"showParticleSystems":true},"in2DMode":false,"pivot":{"x":-5.693939208984375,"y":-5.238443374633789,"z":5.410662651062012},"rotation":{"x":-0.4279535114765167,"y":-0.08465638756752014,"z":0.04032674431800842,"w":-0.8989629149436951},"size":23.330862045288087,"orthographic":false}