{"cameraMode":{"drawMode":0,"name":"Shaded","section":"Shading Mode"},"sceneLighting":false,"audioPlay":false,"sceneViewState":{"showFog":true,"showMaterialUpdate":false,"showSkybox":true,"showFlares":true,"showImageEffects":true,"showParticleSystems":true},"in2DMode":false,"pivot":{"x":5.710868835449219,"y":4.585870742797852,"z":-5.255405426025391},"rotation":{"x":-0.44060051441192629,"y":0.014010605402290821,"z":-0.006847974378615618,"w":-0.8976101875305176},"size":23.091869354248048,"orthographic":false}