{"cameraMode":{"drawMode":0,"name":"Shaded","section":"Shading Mode"},"sceneLighting":false,"audioPlay":false,"sceneViewState":{"showFog":true,"showMaterialUpdate":false,"showSkybox":true,"showFlares":true,"showImageEffects":true,"showParticleSystems":true},"in2DMode":false,"pivot":{"x":3.6595845222473146,"y":-47.403839111328128,"z":26.108211517333986},"rotation":{"x":-0.4436429738998413,"y":-0.06121574342250824,"z":0.030411431565880777,"w":-0.8936224579811096},"size":93.53829193115235,"orthographic":false}