{"cameraMode":{"drawMode":0,"name":"Shaded","section":"Shading Mode"},"sceneLighting":false,"audioPlay":false,"sceneViewState":{"showFog":true,"showMaterialUpdate":false,"showSkybox":true,"showFlares":true,"showImageEffects":true,"showParticleSystems":true},"in2DMode":false,"pivot":{"x":4.178689479827881,"y":10.851762771606446,"z":1.5981571674346924},"rotation":{"x":-0.47249525785446169,"y":-0.22953014075756074,"z":0.1289609670639038,"w":-0.8411476016044617},"size":29.754497528076173,"orthographic":false}