{"cameraMode":{"drawMode":0,"name":"Shaded","section":"Shading Mode"},"sceneLighting":false,"audioPlay":false,"sceneViewState":{"showFog":true,"showMaterialUpdate":false,"showSkybox":false,"showFlares":true,"showImageEffects":true,"showParticleSystems":true},"in2DMode":false,"pivot":{"x":3.9095144271850588,"y":1.5099999904632569,"z":-10.949999809265137},"rotation":{"x":-0.4788058400154114,"y":0.1936042457818985,"z":-0.10910727083683014,"w":-0.8493715524673462},"size":17.488618850708009,"orthographic":false}