{"cameraMode":{"drawMode":0,"name":"Shaded","section":"Shading Mode"},"sceneLighting":false,"audioPlay":false,"sceneViewState":{"showFog":true,"showMaterialUpdate":false,"showSkybox":true,"showFlares":true,"showImageEffects":true,"showParticleSystems":true},"in2DMode":false,"pivot":{"x":0.5799225568771362,"y":112.484375,"z":3.2509748935699465},"rotation":{"x":0.7316672801971436,"y":0.008552517741918564,"z":-0.009063874371349812,"w":0.6815493106842041},"size":39.614933013916019,"orthographic":true}