{"cameraMode":{"drawMode":0,"name":"Shaded","section":"Shading Mode"},"sceneLighting":false,"audioPlay":false,"sceneViewState":{"showFog":true,"showMaterialUpdate":false,"showSkybox":true,"showFlares":true,"showImageEffects":true,"showParticleSystems":true},"in2DMode":false,"pivot":{"x":1.578369140625,"y":88.921875,"z":-17.6165771484375},"rotation":{"x":0.6641229391098023,"y":-0.19098247587680818,"z":0.18138892948627473,"w":0.6996907591819763},"size":16.166547775268556,"orthographic":true}