{"cameraMode":{"drawMode":0,"name":"Shaded","section":"Shading Mode"},"sceneLighting":false,"audioPlay":false,"sceneViewState":{"showFog":true,"showMaterialUpdate":false,"showSkybox":true,"showFlares":true,"showImageEffects":true,"showParticleSystems":true},"in2DMode":false,"pivot":{"x":-66.28192901611328,"y":-116.91656494140625,"z":239.5811309814453},"rotation":{"x":-0.20350299775600434,"y":0.146816685795784,"z":-0.030901269987225534,"w":-0.9675486087799072},"size":314.915283203125,"orthographic":false}