{"cameraMode":{"drawMode":0,"name":"Shaded","section":"Shading Mode"},"sceneLighting":false,"audioPlay":false,"sceneViewState":{"showFog":true,"showMaterialUpdate":false,"showSkybox":false,"showFlares":true,"showImageEffects":true,"showParticleSystems":true},"in2DMode":false,"pivot":{"x":-0.17683830857276917,"y":-0.6548048257827759,"z":-0.6028118133544922},"rotation":{"x":-0.28288161754608157,"y":0.009204640053212643,"z":-0.0027148951776325704,"w":-0.9591098427772522},"size":5.337317943572998,"orthographic":false}