{"cameraMode":{"drawMode":0,"name":"Shaded","section":"Shading Mode"},"sceneLighting":false,"audioPlay":false,"sceneViewState":{"showFog":true,"showMaterialUpdate":false,"showSkybox":true,"showFlares":true,"showImageEffects":true,"showParticleSystems":true},"in2DMode":false,"pivot":{"x":-60.30882263183594,"y":-122.9041976928711,"z":261.54046630859377},"rotation":{"x":-0.2144090086221695,"y":0.12182321399450302,"z":-0.026978744193911554,"w":-0.9687780737876892},"size":306.04425048828127,"orthographic":false}