{"cameraMode":{"drawMode":0,"name":"Shaded","section":"Shading Mode"},"sceneLighting":false,"audioPlay":false,"sceneViewState":{"showFog":true,"showMaterialUpdate":false,"showSkybox":false,"showFlares":true,"showImageEffects":true,"showParticleSystems":true},"in2DMode":false,"pivot":{"x":2.234936237335205,"y":0.06441648304462433,"z":-0.14519423246383668},"rotation":{"x":-0.058071546256542209,"y":0.15421245992183686,"z":-0.009082765318453312,"w":-0.9863086938858032},"size":2.5319125652313234,"orthographic":true}