{"cameraMode":{"drawMode":0,"name":"Shaded","section":"Shading Mode"},"sceneLighting":false,"audioPlay":false,"sceneViewState":{"showFog":true,"showMaterialUpdate":false,"showSkybox":true,"showFlares":true,"showImageEffects":true,"showParticleSystems":true},"in2DMode":false,"pivot":{"x":-10.050008773803711,"y":23.505874633789064,"z":-5.787514686584473},"rotation":{"x":-0.03604647517204285,"y":0.3441554605960846,"z":-0.013242310844361782,"w":-0.9381673336029053},"size":104.58045959472656,"orthographic":true}